  <document>
    <action>INSERT</action>
    <standard>
      <field name="id" store="true" index="UN_TOKENIZED">
        <value>#ID#</value>
      </field>
      <field name="name" store="true" index="TOKENIZED">
        <value>#NAME#</value>
      </field>
      <field name="departament" store="true" index="TOKENIZED">
        <value>#DEPARTAMENT#</value>
      </field>
      <field name="position" store="true" index="TOKENIZED">
        <value>#POSITION#</value>
      </field>
      <field name="room" store="true" index="TOKENIZED">
        <value>#ROOM#</value>
      </field>
      <field name="officename" store="true" index="TOKENIZED">
        <value>#OFFICENAME#</value>
      </field>
      <field name="phoneextention" store="true" index="TOKENIZED">
        <value>#PHONEEXTENTION#</value>
      </field>
      <field name="mobilephone" store="true" index="TOKENIZED">
        <value>#MOBILEPHONE#</value>
      </field>
      <field name="email" store="true" index="TOKENIZED">
        <value>#EMAIL#</value>
      </field>
      <field name="suffix" store="true" index="UN_TOKENIZED">
        <value>jpg</value>
      </field>
      <field name="birthday" store="true" index="UN_TOKENIZED">
        <value>#BIRTHDAY#</value>
      </field>
      <field name="birthmonth" store="true" index="UN_TOKENIZED">
        <value>#BIRTHMONTH#</value>
      </field>
      <field name="favorite" store="true" index="UN_TOKENIZED">
        <value>#FAVORITE#</value>
      </field>
    </standard>
    <optional>
      <field name="departament" store="true" index="TOKENIZED">
        <value>Departament</value>
      </field>
      <field name="facet.departament" store="true" index="NO_NORMS">
        <value>Departament</value>
      </field>
    </optional>
    <content suffix="jpg">#PHOTOURI#</content>
  </document>