<?xml version="1.0"?>
 
<users>
	<user id='1' firstName='Иван' secondName='Ивановский' login='user1' password='user123' photo="/img/1.png">
		<freinds>		
			<freind id='2'>
				<dialog>
					<message>Как дела?</message>
					<message>Хорошо</message>
					<message>У тебя?</message>				
				</dialog>				
			</freind>		
			<freind id='3'>
				<dialog>
					<message>олололололо</message>
					<message>тролололо</message>
					<message>траляляля</message>				
					<message>бубубуб</message>
				</dialog>			
			</freind>		
			<freind id='4'>
				<dialog>
					<message>4 дела?</message>
					<message>4 Хорошо</message>
					<message>4 тебя?</message>				
				</dialog>
			</freind>		
		</freinds>	
	</user>
	<user id='2' firstName='Петя' secondName='Петров' login='user2' password='user125' photo="/img/2.png">
	<freinds>
			<freind id='3'>
				<dialog>
					<message>234234олололололо</message>
					<message>тролололо234234</message>
					<message>234234траляляля</message>				
					<message>234234бубубуб</message>
				</dialog>			
			</freind>		
			<freind id='4'>
				<dialog>
					<message>089j98js9d8fjs9dfj8s9fj</message>
					<message>sdlfkjlskdjfksdf</message>
					<message>Матожидание поразительно. Подмножество, очевидно, тривиально.</message>				
				</dialog>
			</freind>		
		</freinds>
		</user>
	<user id='3' firstName='Коля' secondName='Николаев'  login='user3' password='user126' photo="/img/3.png">
		<freinds>		
				<freind id='2'>
					<dialog>
						<message>Интерполяция изоморфна.</message>
					</dialog>				
				</freind>		
				<freind id='3'>
					<dialog>
						<message>По сути, арифметическая прогрессия отображает интеграл </message>
						<message>псилон окрестность изоморфна</message>
						<message>точке, что и требовалось доказать. Доказательство, следовательно</message>				
						<message>от функции, обращающейся в бесконечность в изолированной , ускоряе</message>
					</dialog>			
				</freind>
			</freinds>		
		</user>
	<user id='4' firstName='Сергей' secondName='Сергеев' login='user3' password='user126' photo="/img/4.png">
		<freinds>		
				<freind id='2'>
					<dialog>
						<message>Матожидание нейтрализует действительный определитель системы линейных уравнений</message>
						<message>нейтрализует действительный определитель</message>
						<message>Матожидание нейтрализует действительный</message>		
						<message>системы линейных уравнений,?</message>			
					</dialog>				
				</freind>
		</freinds>			
	</user>				
							
</users>