<?xml version="1.0" encoding="utf-8"?>
<ArrayOfPerson xmlns:xsd="http://www.w3.org/2001/XMLSchema" xmlns:xsi="http://www.w3.org/2001/XMLSchema-instance">
  <Person>
    <ID>5822</ID>
    <Name>Ivan ivanov</Name>
    <Department>IT</Department>
    <Position>Team leader</Position>
    <Room>1</Room>
    <OfficeName>City</OfficeName>
    <PhoneExtension>24</PhoneExtension>
    <MobilePhone />
    <Email>test1@test1.ru</Email>
    <PhotoUri>5822.jpg</PhotoUri>
    <BirthDay>6</BirthDay>
    <BirthMonth>1</BirthMonth>
    <Favorite>false</Favorite>
  </Person>
  <Person>
    <ID>6602</ID>
    <Name>Nikolai Nikolaev</Name>
    <Department>Security IT</Department>
    <Position>developer</Position>
    <Room />
    <OfficeName>One</OfficeName>
    <PhoneExtension>40</PhoneExtension>
    <MobilePhone />
    <Email />
    <PhotoUri>6602.jpg</PhotoUri>
    <BirthDay>13</BirthDay>
    <BirthMonth>2</BirthMonth>
    <Favorite>false</Favorite>
  </Person>
  <Person>
    <ID>2685</ID>
    <Name>Helen Frank</Name>
    <Department>IT</Department>
    <Position>Helper</Position>
    <Room>2</Room>
    <OfficeName>Frankfurt</OfficeName>
    <PhoneExtension>1824</PhoneExtension>
    <MobilePhone>8-888-888-88-88</MobilePhone>
    <Email>test2@test2.ru</Email>
    <PhotoUri>2685.jpg</PhotoUri>
    <BirthDay>18</BirthDay>
    <BirthMonth>2</BirthMonth>
    <Favorite>false</Favorite>
  </Person>
  <Person>
    <ID>7734</ID>
    <Name>Mary Linz</Name>
    <Department>IT</Department>
    <Position>Manager</Position>
    <Room>00</Room>
    <OfficeName>Two</OfficeName>
    <PhoneExtension>1356</PhoneExtension>
    <MobilePhone>8-888-888-88-88</MobilePhone>
    <Email>test3@test3.ru</Email>
    <PhotoUri>7734.jpg</PhotoUri>
    <BirthDay>7</BirthDay>
    <BirthMonth>1</BirthMonth>
    <Favorite>false</Favorite>
  </Person>

</ArrayOfPerson>